"","V1","V2","V3"
"A[C>A]A",12.5628076636937,301.99279144161,33.0531024682229
"A[C>A]C",13.9536579340205,331.168638224878,35.9725078963792
"A[C>A]G",4.42391996672294,219.875026785262,2.22044604925031e-16
"A[C>A]T",6.69792118168534,221.911324306892,4.3013626312075
"A[C>G]A",6.87446759904024,73.3921481525648,27.7050102322712
"A[C>G]C",11.02833243538,42.8922676809628,35.6501532813283
"A[C>G]G",1.92167354424459,34.8418133198654,16.3759858505984
"A[C>G]T",11.4795789469133,45.9317641087481,26.581353715446
"A[C>T]A",30.434437904283,94.8526294945595,83.5741418117599
"A[C>T]C",6.29736471996443,62.7538638585227,94.3960444130177
"A[C>T]G",28.1422693213275,6.43723588762062,329.205437985778
"A[C>T]T",6.8155764708812,53.4633718129097,67.6864184521078
"A[T>A]A",0.279128130959112,42.7098266521376,20.1107115374534
"A[T>A]C",6.30451269019754,32.5446511885699,42.845955094979
"A[T>A]G",8.50710852805439,87.6854849748667,35.3404259517102
"A[T>A]T",10.0698748394239,23.2421395154895,25.608312922165
"A[T>C]A",9.4004982268073,66.6820543411991,75.6030954819058
"A[T>C]C",8.15528251855672,12.5089213402192,57.6099126758084
"A[T>C]G",12.6974485155175,70.4949247234041,112.686947935417
"A[T>C]T",10.6213598370594,21.1144173916447,87.313608178501
"A[T>G]A",0.551343506702061,5.36214900355169,16.3999019680664
"A[T>G]C",2.22044604925031e-16,4.90816046305949,16.6987332460943
"A[T>G]G",2.22044604925031e-16,14.5470194338414,21.7411399855754
"A[T>G]T",0.715169474331593,4.20057483109796,22.7874426110354
"C[C>A]A",23.659930863018,687.965772919508,16.71950706475
"C[C>A]C",2.22044604925031e-16,708.29235077111,2.22044604925031e-16
"C[C>A]G",0.50468319816394,401.919039280322,0.0223862495898321
"C[C>A]T",7.30733677338395,579.003946014787,4.09282228657005e-06
"C[C>G]A",26.6223663367298,91.9585712645282,33.0196448866033
"C[C>G]C",12.7683591857865,82.6529136445066,20.612479752
"C[C>G]G",9.02056095060693,66.427817865683,9.42709585300363
"C[C>G]T",30.1716050848556,81.3686330338678,42.6407155363431
"C[C>T]A",73.654570534781,214.715228150686,121.316078637726
"C[C>T]C",17.6417294580387,159.770046971252,99.9491869806947
"C[C>T]G",44.274870059865,72.531563433296,312.348110733372
"C[C>T]T",50.2063010914459,189.66772866763,98.7258393577354
"C[T>A]A",1.91824039184098,65.4074186118615,19.1205585505919
"C[T>A]C",5.68319714603496,97.3441562267333,21.9866570769508
"C[T>A]G",14.5535204149798,331.739775071353,24.5164940805235
"C[T>A]T",4.78920409901229,90.8929667719715,35.958262825945
"C[T>C]A",10.0413797320085,36.1791758928616,44.3869630555718
"C[T>C]C",6.8773170163336,26.0261075829147,56.693757935836
"C[T>C]G",6.8044867588521,92.4933362167323,97.6588126632098
"C[T>C]T",1.0341757167817,31.0860065925679,92.3911015519869
"C[T>G]A",3.04731193574542,6.86956241377527,4.50123513781502
"C[T>G]C",4.68133108014275,5.91680919226737,28.1986066989773
"C[T>G]G",6.41300998876364,43.8102021191008,43.8045296142799
"C[T>G]T",6.48862756447047,5.41017695597558e-11,97.2848657058536
"G[C>A]A",32.4302706477643,316.982066315188,27.9337392753999
"G[C>A]C",21.2613446969067,384.731305405215,47.1775813557803
"G[C>A]G",12.7520413378078,256.877785173,21.3321678609504
"G[C>A]T",14.9692087426169,238.21392802601,34.3238560560279
"G[C>G]A",11.8486391798568,57.6159892749688,33.09999137916
"G[C>G]C",15.868018585663,72.1716936631187,24.9169841804564
"G[C>G]G",3.85856193944695e-05,69.0339159731564,4.62978588476819
"G[C>G]T",15.6922708647451,55.5527693843111,19.7093632388325
"G[C>T]A",35.43703928033,59.4579164245488,141.034986638528
"G[C>T]C",20.0205014951033,60.4925581976763,190.360093074757
"G[C>T]G",32.3804731200949,11.6621618536175,373.052374072915
"G[C>T]T",23.0086127923394,67.5345052648277,117.771944925743
"G[T>A]A",3.21506530352604,60.8291020627234,18.5507476148694
"G[T>A]C",2.22179255480301,45.6937794060294,26.9587062344527
"G[T>A]G",10.2547204639738,106.819006893876,30.3670409362451
"G[T>A]T",2.22044604925031e-16,41.5678551013159,21.19284554752
"G[T>C]A",14.9669271089777,28.1278683251603,102.314583376019
"G[T>C]C",7.88911223822215,13.8540394670649,61.8389319157616
"G[T>C]G",3.45900518097202,32.0473035464986,95.1941478531721
"G[T>C]T",7.9806259281296,17.7814575027625,75.4898254447921
"G[T>G]A",2.1605339067631,10.2949819981403,6.32417013786546
"G[T>G]C",1.4327496408686,3.7685785607553,16.0311515366012
"G[T>G]G",4.47794037617611,23.4595446278744,13.3334869877576
"G[T>G]T",3.14756545519849,3.43460031890502,27.7139759508519
"T[C>A]A",122.469285993086,300.998178927943,32.9291171867383
"T[C>A]C",67.746200084042,526.209364352655,59.9441820885008
"T[C>A]G",22.2083399579493,175.076033198126,20.3920193906364
"T[C>A]T",57.2549072375062,380.956923452056,30.0475397894146
"T[C>G]A",671.54329011084,15.0817584767863,2.22044604925031e-16
"T[C>G]C",225.720350920346,81.6771016714154,31.0444576865997
"T[C>G]G",72.280976250405,36.0602328736448,2.74556199872504e-16
"T[C>G]T",777.511834769083,21.1653277676653,3.34745729746696
"T[C>T]A",1097.19993649969,0.00163712213921327,67.5366973127741
"T[C>T]C",296.419591368396,96.3006870970074,147.631297575376
"T[C>T]G",278.34585242844,2.17980905793116,182.690590561794
"T[C>T]T",568.55872573566,41.3710189193972,80.1348730856863
"T[T>A]A",1.54066966075079,35.7663880441348,9.0781448217005
"T[T>A]C",2.82739637598113,42.4491639698701,23.46428339383
"T[T>A]G",6.39951528193048,75.5549643492987,17.5893556452533
"T[T>A]T",2.11687892118457,33.8136992290961,19.4757999900308
"T[T>C]A",3.19218882824787,20.336224559004,42.5815496758946
"T[T>C]C",6.26937391259493,9.88072910529772,57.896210317747
"T[T>C]G",6.38781876304566,22.3956222802067,51.5028994213275
"T[T>C]T",0.0117786680335667,19.055719563077,39.0557422137487
"T[T>G]A",3.13052113268941,2.15609999031141,17.9391008540579
"T[T>G]C",3.21648211004027,3.61925930271675,28.0759810747601
"T[T>G]G",4.63730003958832,22.5087489024177,21.0460515491624
"T[T>G]T",0.0032407051143235,1.64650529714262e-10,56.6155919515026
